date,cn10y_yield
2013-01-04,3.61
2013-01-05,3.6
2013-01-06,3.6
2013-01-07,3.6
2013-01-08,3.59
2013-01-09,3.58
2013-01-10,3.6
2013-01-11,3.6
2013-01-14,3.6
2013-01-15,3.6
2013-01-16,3.6
2013-01-17,3.6
2013-01-18,3.58
2013-01-21,3.57
2013-01-22,3.57
2013-01-23,3.57
2013-01-24,3.58
2013-01-25,3.58
2013-01-28,3.6
2013-01-29,3.61
2013-01-30,3.61
2013-01-31,3.61
2013-02-01,3.6
2013-02-04,3.6
2013-02-05,3.59
2013-02-06,3.59
2013-02-07,3.59
2013-02-08,3.59
2013-02-16,3.59
2013-02-17,3.58
2013-02-18,3.59
2013-02-19,3.59
2013-02-20,3.56
2013-02-21,3.56
2013-02-22,3.57
2013-02-25,3.58
2013-02-26,3.59
2013-02-27,3.59
2013-02-28,3.6
2013-03-01,3.59
2013-03-04,3.58
2013-03-05,3.58
2013-03-06,3.58
2013-03-07,3.58
2013-03-08,3.58
2013-03-11,3.58
2013-03-12,3.59
2013-03-13,3.59
2013-03-14,3.59
2013-03-15,3.59
2013-03-18,3.6
2013-03-19,3.59
2013-03-20,3.57
2013-03-21,3.58
2013-03-22,3.58
2013-03-25,3.58
2013-03-26,3.57
2013-03-27,3.56
2013-03-28,3.55
2013-03-29,3.54
2013-04-01,3.53
2013-04-02,3.51
2013-04-03,3.5
2013-04-07,3.49
2013-04-08,3.49
2013-04-09,3.47
2013-04-10,3.46
2013-04-11,3.47
2013-04-12,3.47
2013-04-15,3.44
2013-04-16,3.4
2013-04-17,3.41
2013-04-18,3.44
2013-04-19,3.45
2013-04-22,3.49
2013-04-23,3.46
2013-04-24,3.45
2013-04-25,3.43
2013-04-26,3.43
2013-04-27,3.43
2013-04-28,3.43
2013-05-02,3.41
2013-05-03,3.42
2013-05-06,3.44
2013-05-07,3.43
2013-05-08,3.43
2013-05-09,3.43
2013-05-10,3.42
2013-05-13,3.42
2013-05-14,3.42
2013-05-15,3.42
2013-05-16,3.42
2013-05-17,3.42
2013-05-20,3.43
2013-05-21,3.43
2013-05-22,3.42
2013-05-23,3.41
2013-05-24,3.42
2013-05-27,3.42
2013-05-28,3.42
2013-05-29,3.43
2013-05-30,3.43
2013-05-31,3.44
2013-06-03,3.45
2013-06-04,3.46
2013-06-05,3.46
2013-06-06,3.47
2013-06-07,3.48
2013-06-08,3.48
2013-06-09,3.45
2013-06-13,3.46
2013-06-14,3.47
2013-06-17,3.48
2013-06-18,3.48
2013-06-19,3.55
2013-06-20,3.7
2013-06-21,3.6
2013-06-24,3.6
2013-06-25,3.6
2013-06-26,3.55
2013-06-27,3.52
2013-06-28,3.51
2013-07-01,3.52
2013-07-02,3.52
2013-07-03,3.53
2013-07-04,3.51
2013-07-05,3.51
2013-07-08,3.52
2013-07-09,3.52
2013-07-10,3.58
2013-07-11,3.59
2013-07-12,3.6
2013-07-15,3.61
2013-07-16,3.62
2013-07-17,3.67
2013-07-18,3.69
2013-07-19,3.71
2013-07-22,3.74
2013-07-23,3.76
2013-07-24,3.8
2013-07-25,3.71
2013-07-26,3.72
2013-07-29,3.72
2013-07-30,3.72
2013-07-31,3.72
2013-08-01,3.71
2013-08-02,3.7
2013-08-05,3.71
2013-08-06,3.72
2013-08-07,3.77
2013-08-08,3.85
2013-08-09,3.84
2013-08-12,3.85
2013-08-13,3.93
2013-08-14,3.95
2013-08-15,3.96
2013-08-16,3.94
2013-08-19,4.01
2013-08-20,4.09
2013-08-21,4.04
2013-08-22,4.03
2013-08-23,3.99
2013-08-26,3.96
2013-08-27,3.97
2013-08-28,4.02
2013-08-29,4.03
2013-08-30,4.04
2013-09-02,4.04
2013-09-03,4.04
2013-09-04,4.06
2013-09-05,4.06
2013-09-06,4.05
2013-09-09,4.06
2013-09-10,4.07
2013-09-11,4.13
2013-09-12,4.13
2013-09-13,4.14
2013-09-16,4.12
2013-09-17,4.07
2013-09-18,4.05
2013-09-22,3.99
2013-09-23,4.01
2013-09-24,4.02
2013-09-25,4.02
2013-09-26,3.99
2013-09-27,4.0
2013-09-29,4.0
2013-09-30,4.0
2013-10-08,3.99
2013-10-09,4.03
2013-10-10,4.02
2013-10-11,4.03
2013-10-12,4.03
2013-10-14,4.07
2013-10-15,4.08
2013-10-16,4.1
2013-10-17,4.1
2013-10-18,4.11
2013-10-21,4.11
2013-10-22,4.13
2013-10-23,4.15
2013-10-24,4.19
2013-10-25,4.21
2013-10-28,4.2
2013-10-29,4.22
2013-10-30,4.22
2013-10-31,4.18
2013-11-01,4.16
2013-11-04,4.17
2013-11-05,4.21
2013-11-06,4.22
2013-11-07,4.29
2013-11-08,4.32
2013-11-11,4.4
2013-11-12,4.41
2013-11-13,4.46
2013-11-14,4.5
2013-11-15,4.6
2013-11-18,4.66
2013-11-19,4.67
2013-11-20,4.72
2013-11-21,4.7
2013-11-22,4.65
2013-11-25,4.62
2013-11-26,4.61
2013-11-27,4.55
2013-11-28,4.43
2013-11-29,4.36
2013-12-02,4.48
2013-12-03,4.44
2013-12-04,4.43
2013-12-05,4.5
2013-12-06,4.52
2013-12-09,4.54
2013-12-10,4.6
2013-12-11,4.62
2013-12-12,4.59
2013-12-13,4.54
2013-12-16,4.55
2013-12-17,4.56
2013-12-18,4.58
2013-12-19,4.6
2013-12-20,4.6
2013-12-23,4.6
2013-12-24,4.56
2013-12-25,4.57
2013-12-26,4.56
2013-12-27,4.54
2013-12-30,4.54
2013-12-31,4.55
2014-01-02,4.6
2014-01-03,4.64
2014-01-06,4.66
2014-01-07,4.64
2014-01-08,4.59
2014-01-09,4.6
2014-01-10,4.6
2014-01-13,4.6
2014-01-14,4.6
2014-01-15,4.55
2014-01-16,4.59
2014-01-17,4.6
2014-01-20,4.59
2014-01-21,4.54
2014-01-22,4.5
2014-01-23,4.48
2014-01-24,4.51
2014-01-26,4.48
2014-01-27,4.48
2014-01-28,4.5
2014-01-29,4.51
2014-01-30,4.5
2014-02-07,4.48
2014-02-08,4.47
2014-02-10,4.48
2014-02-11,4.49
2014-02-12,4.48
2014-02-13,4.48
2014-02-14,4.48
2014-02-17,4.51
2014-02-18,4.54
2014-02-19,4.55
2014-02-20,4.53
2014-02-21,4.52
2014-02-24,4.48
2014-02-25,4.43
2014-02-26,4.45
2014-02-27,4.39
2014-02-28,4.43
2014-03-03,4.46
2014-03-04,4.5
2014-03-05,4.52
2014-03-06,4.51
2014-03-07,4.51
2014-03-10,4.5
2014-03-11,4.51
2014-03-12,4.5
2014-03-13,4.5
2014-03-14,4.49
2014-03-17,4.48
2014-03-18,4.51
2014-03-19,4.51
2014-03-20,4.52
2014-03-21,4.5
2014-03-24,4.51
2014-03-25,4.52
2014-03-26,4.5
2014-03-27,4.51
2014-03-28,4.51
2014-03-31,4.5
2014-04-01,4.5
2014-04-02,4.49
2014-04-03,4.49
2014-04-04,4.49
2014-04-08,4.45
2014-04-09,4.48
2014-04-10,4.46
2014-04-11,4.45
2014-04-14,4.42
2014-04-15,4.4
2014-04-16,4.36
2014-04-17,4.27
2014-04-18,4.3
2014-04-21,4.3
2014-04-22,4.3
2014-04-23,4.33
2014-04-24,4.34
2014-04-25,4.33
2014-04-28,4.33
2014-04-29,4.32
2014-04-30,4.3
2014-05-04,4.29
2014-05-05,4.3
2014-05-06,4.28
2014-05-07,4.28
2014-05-08,4.23
2014-05-09,4.12
2014-05-12,4.12
2014-05-13,4.15
2014-05-14,4.17
2014-05-15,4.19
2014-05-16,4.19
2014-05-19,4.17
2014-05-20,4.18
2014-05-21,4.18
2014-05-22,4.18
2014-05-23,4.16
2014-05-26,4.17
2014-05-27,4.16
2014-05-28,4.15
2014-05-29,4.12
2014-05-30,4.07
2014-06-03,4.02
2014-06-04,4.01
2014-06-05,4.03
2014-06-06,4.06
2014-06-09,4.07
2014-06-10,4.06
2014-06-11,4.06
2014-06-12,4.06
2014-06-13,4.08
2014-06-16,4.06
2014-06-17,4.05
2014-06-18,4.05
2014-06-19,4.04
2014-06-20,4.05
2014-06-23,4.05
2014-06-24,4.05
2014-06-25,4.06
2014-06-26,4.05
2014-06-27,4.05
2014-06-30,4.06
2014-07-01,4.08
2014-07-02,4.12
2014-07-03,4.15
2014-07-04,4.17
2014-07-07,4.12
2014-07-08,4.12
2014-07-09,4.13
2014-07-10,4.13
2014-07-11,4.12
2014-07-14,4.13
2014-07-15,4.16
2014-07-16,4.22
2014-07-17,4.27
2014-07-18,4.3
2014-07-21,4.3
2014-07-22,4.27
2014-07-23,4.3
2014-07-24,4.3
2014-07-25,4.27
2014-07-28,4.27
2014-07-29,4.28
2014-07-30,4.29
2014-07-31,4.27
2014-08-01,4.26
2014-08-04,4.25
2014-08-05,4.26
2014-08-06,4.25
2014-08-07,4.26
2014-08-08,4.27
2014-08-11,4.28
2014-08-12,4.28
2014-08-13,4.26
2014-08-14,4.21
2014-08-15,4.2
2014-08-18,4.22
2014-08-19,4.24
2014-08-20,4.25
2014-08-21,4.25
2014-08-22,4.26
2014-08-25,4.25
2014-08-26,4.25
2014-08-27,4.23
2014-08-28,4.23
2014-08-29,4.24
2014-09-01,4.24
2014-09-02,4.25
2014-09-03,4.26
2014-09-04,4.28
2014-09-05,4.29
2014-09-09,4.29
2014-09-10,4.29
2014-09-11,4.29
2014-09-12,4.28
2014-09-15,4.26
2014-09-16,4.26
2014-09-17,4.2
2014-09-18,4.14
2014-09-19,4.03
2014-09-22,4.01
2014-09-23,3.99
2014-09-24,4.04
2014-09-25,4.0
2014-09-26,4.01
2014-09-28,4.02
2014-09-29,3.99
2014-09-30,3.98
2014-10-08,3.99
2014-10-09,4.0
2014-10-10,4.01
2014-10-11,4.0
2014-10-13,4.0
2014-10-14,3.9
2014-10-15,3.82
2014-10-16,3.81
2014-10-17,3.81
2014-10-20,3.74
2014-10-21,3.73
2014-10-22,3.79
2014-10-23,3.81
2014-10-24,3.8
2014-10-27,3.78
2014-10-28,3.74
2014-10-29,3.72
2014-10-30,3.77
2014-10-31,3.76
2014-11-03,3.7
2014-11-04,3.64
2014-11-05,3.61
2014-11-06,3.62
2014-11-07,3.56
2014-11-10,3.51
2014-11-11,3.5
2014-11-12,3.56
2014-11-13,3.59
2014-11-14,3.65
2014-11-17,3.66
2014-11-18,3.61
2014-11-19,3.62
2014-11-20,3.65
2014-11-21,3.65
2014-11-24,3.48
2014-11-25,3.52
2014-11-26,3.52
2014-11-27,3.52
2014-11-28,3.52
2014-12-01,3.51
2014-12-02,3.56
2014-12-03,3.62
2014-12-04,3.66
2014-12-05,3.78
2014-12-08,3.79
2014-12-09,3.75
2014-12-10,3.71
2014-12-11,3.73
2014-12-12,3.75
2014-12-15,3.78
2014-12-16,3.75
2014-12-17,3.74
2014-12-18,3.76
2014-12-19,3.71
2014-12-22,3.7
2014-12-23,3.66
2014-12-24,3.6
2014-12-25,3.63
2014-12-26,3.63
2014-12-29,3.62
2014-12-30,3.62
2014-12-31,3.62
2015-01-04,3.63
2015-01-05,3.63
2015-01-06,3.64
2015-01-07,3.64
2015-01-08,3.64
2015-01-09,3.63
2015-01-12,3.64
2015-01-13,3.58
2015-01-14,3.54
2015-01-15,3.55
2015-01-16,3.5
2015-01-19,3.48
2015-01-20,3.47
2015-01-21,3.47
2015-01-22,3.45
2015-01-23,3.45
2015-01-26,3.43
2015-01-27,3.43
2015-01-28,3.48
2015-01-29,3.5
2015-01-30,3.5
2015-02-02,3.47
2015-02-03,3.45
2015-02-04,3.46
2015-02-05,3.4
2015-02-06,3.43
2015-02-09,3.42
2015-02-10,3.43
2015-02-11,3.4
2015-02-12,3.39
2015-02-13,3.36
2015-02-15,3.36
2015-02-16,3.34
2015-02-17,3.34
2015-02-25,3.35
2015-02-26,3.36
2015-02-27,3.37
2015-02-28,3.36
2015-03-02,3.39
2015-03-03,3.4
2015-03-04,3.39
2015-03-05,3.44
2015-03-06,3.48
2015-03-09,3.49
2015-03-10,3.52
2015-03-11,3.45
2015-03-12,3.44
2015-03-13,3.49
2015-03-16,3.53
2015-03-17,3.54
2015-03-18,3.55
2015-03-19,3.53
2015-03-20,3.5
2015-03-23,3.49
2015-03-24,3.48
2015-03-25,3.5
2015-03-26,3.54
2015-03-27,3.57
2015-03-30,3.58
2015-03-31,3.65
2015-04-01,3.6
2015-04-02,3.54
2015-04-03,3.57
2015-04-07,3.6
2015-04-08,3.69
2015-04-09,3.7
2015-04-10,3.69
2015-04-13,3.67
2015-04-14,3.62
2015-04-15,3.6
2015-04-16,3.56
2015-04-17,3.56
2015-04-20,3.46
2015-04-21,3.41
2015-04-22,3.41
2015-04-23,3.42
2015-04-24,3.45
2015-04-27,3.4
2015-04-28,3.38
2015-04-29,3.4
2015-04-30,3.35
2015-05-04,3.38
2015-05-05,3.4
2015-05-06,3.46
2015-05-07,3.44
2015-05-08,3.37
2015-05-11,3.38
2015-05-12,3.4
2015-05-13,3.4
2015-05-14,3.38
2015-05-15,3.39
2015-05-18,3.41
2015-05-19,3.43
2015-05-20,3.43
2015-05-21,3.43
2015-05-22,3.42
2015-05-25,3.43
2015-05-26,3.52
2015-05-27,3.51
2015-05-28,3.57
2015-05-29,3.6
2015-06-01,3.64
2015-06-02,3.59
2015-06-03,3.61
2015-06-04,3.59
2015-06-05,3.58
2015-06-08,3.56
2015-06-09,3.56
2015-06-10,3.59
2015-06-11,3.62
2015-06-12,3.62
2015-06-15,3.67
2015-06-16,3.61
2015-06-17,3.61
2015-06-18,3.57
2015-06-19,3.58
2015-06-23,3.61
2015-06-24,3.61
2015-06-25,3.6
2015-06-26,3.61
2015-06-29,3.6
2015-06-30,3.6
2015-07-01,3.61
2015-07-02,3.62
2015-07-03,3.57
2015-07-06,3.49
2015-07-07,3.44
2015-07-08,3.43
2015-07-09,3.44
2015-07-10,3.49
2015-07-13,3.5
2015-07-14,3.53
2015-07-15,3.55
2015-07-16,3.52
2015-07-17,3.51
2015-07-20,3.5
2015-07-21,3.52
2015-07-22,3.51
2015-07-23,3.48
2015-07-24,3.46
2015-07-27,3.46
2015-07-28,3.44
2015-07-29,3.43
2015-07-30,3.44
2015-07-31,3.48
2015-08-03,3.47
2015-08-04,3.47
2015-08-05,3.47
2015-08-06,3.46
2015-08-07,3.46
2015-08-10,3.48
2015-08-11,3.53
2015-08-12,3.54
2015-08-13,3.52
2015-08-14,3.51
2015-08-17,3.52
2015-08-18,3.51
2015-08-19,3.52
2015-08-20,3.51
2015-08-21,3.5
2015-08-24,3.47
2015-08-25,3.46
2015-08-26,3.43
2015-08-27,3.39
2015-08-28,3.38
2015-08-31,3.33
2015-09-01,3.3
2015-09-02,3.3
2015-09-06,3.32
2015-09-07,3.34
2015-09-08,3.36
2015-09-09,3.35
2015-09-10,3.35
2015-09-11,3.34
2015-09-14,3.33
2015-09-15,3.31
2015-09-16,3.31
2015-09-17,3.32
2015-09-18,3.31
2015-09-21,3.32
2015-09-22,3.33
2015-09-23,3.34
2015-09-24,3.32
2015-09-25,3.31
2015-09-28,3.29
2015-09-29,3.25
2015-09-30,3.24
2015-10-08,3.24
2015-10-09,3.15
2015-10-10,3.16
2015-10-12,3.15
2015-10-13,3.11
2015-10-14,3.04
2015-10-15,3.08
2015-10-16,3.12
2015-10-19,3.12
2015-10-20,3.06
2015-10-21,3.06
2015-10-22,3.05
2015-10-23,3.04
2015-10-26,3.02
2015-10-27,2.98
2015-10-28,2.99
2015-10-29,3.05
2015-10-30,3.06
2015-11-02,3.05
2015-11-03,3.08
2015-11-04,3.14
2015-11-05,3.12
2015-11-06,3.13
2015-11-09,3.21
2015-11-10,3.2
2015-11-11,3.12
2015-11-12,3.14
2015-11-13,3.13
2015-11-16,3.14
2015-11-17,3.13
2015-11-18,3.14
2015-11-19,3.14
2015-11-20,3.13
2015-11-23,3.13
2015-11-24,3.11
2015-11-25,3.09
2015-11-26,3.05
2015-11-27,3.06
2015-11-30,3.04
2015-12-01,3.05
2015-12-02,3.05
2015-12-03,3.03
2015-12-04,3.03
2015-12-07,3.03
2015-12-08,3.0
2015-12-09,3.0
2015-12-10,3.0
2015-12-11,2.99
2015-12-14,3.03
2015-12-15,3.02
2015-12-16,3.0
2015-12-17,2.99
2015-12-18,2.94
2015-12-21,2.88
2015-12-22,2.86
2015-12-23,2.85
2015-12-24,2.8
2015-12-25,2.81
2015-12-28,2.8
2015-12-29,2.81
2015-12-30,2.83
2015-12-31,2.82
2016-01-04,2.87
2016-01-05,2.89
2016-01-06,2.89
2016-01-07,2.85
2016-01-08,2.84
2016-01-11,2.82
2016-01-12,2.79
2016-01-13,2.72
2016-01-14,2.75
2016-01-15,2.75
2016-01-18,2.78
2016-01-19,2.8
2016-01-20,2.81
2016-01-21,2.79
2016-01-22,2.77
2016-01-25,2.86
2016-01-26,2.86
2016-01-27,2.9
2016-01-28,2.89
2016-01-29,2.84
2016-02-01,2.84
2016-02-02,2.88
2016-02-03,2.89
2016-02-04,2.86
2016-02-05,2.85
2016-02-06,2.85
2016-02-14,2.82
2016-02-15,2.84
2016-02-16,2.84
2016-02-17,2.84
2016-02-18,2.84
2016-02-19,2.83
2016-02-22,2.84
2016-02-23,2.85
2016-02-24,2.87
2016-02-25,2.87
2016-02-26,2.86
2016-02-29,2.85
2016-03-01,2.85
2016-03-02,2.88
2016-03-03,2.9
2016-03-04,2.9
2016-03-07,2.93
2016-03-08,2.94
2016-03-09,2.89
2016-03-10,2.87
2016-03-11,2.85
2016-03-14,2.85
2016-03-15,2.84
2016-03-16,2.81
2016-03-17,2.82
2016-03-18,2.82
2016-03-21,2.83
2016-03-22,2.83
2016-03-23,2.83
2016-03-24,2.83
2016-03-25,2.83
2016-03-28,2.87
2016-03-29,2.85
2016-03-30,2.84
2016-03-31,2.84
2016-04-01,2.84
2016-04-05,2.86
2016-04-06,2.87
2016-04-07,2.9
2016-04-08,2.92
2016-04-11,2.91
2016-04-12,2.91
2016-04-13,2.93
2016-04-14,2.94
2016-04-15,2.92
2016-04-18,2.9
2016-04-19,2.91
2016-04-20,2.93
2016-04-21,2.92
2016-04-22,2.93
2016-04-25,2.94
2016-04-26,2.92
2016-04-27,2.91
2016-04-28,2.89
2016-04-29,2.89
2016-05-03,2.89
2016-05-04,2.9
2016-05-05,2.9
2016-05-06,2.9
2016-05-09,2.88
2016-05-10,2.9
2016-05-11,2.91
2016-05-12,2.9
2016-05-13,2.91
2016-05-16,2.93
2016-05-17,2.93
2016-05-18,2.96
2016-05-19,2.96
2016-05-20,2.95
2016-05-23,2.96
2016-05-24,2.94
2016-05-25,2.94
2016-05-26,2.94
2016-05-27,2.95
2016-05-30,2.98
2016-05-31,2.99
2016-06-01,3.0
2016-06-02,3.01
2016-06-03,3.02
2016-06-06,3.0
2016-06-07,3.01
2016-06-08,3.01
2016-06-12,3.01
2016-06-13,3.0
2016-06-14,2.97
2016-06-15,2.96
2016-06-16,2.95
2016-06-17,2.94
2016-06-20,2.95
2016-06-21,2.94
2016-06-22,2.93
2016-06-23,2.93
2016-06-24,2.88
2016-06-27,2.83
2016-06-28,2.86
2016-06-29,2.86
2016-06-30,2.84
2016-07-01,2.8
2016-07-04,2.83
2016-07-05,2.85
2016-07-06,2.84
2016-07-07,2.81
2016-07-08,2.8
2016-07-11,2.83
2016-07-12,2.84
2016-07-13,2.85
2016-07-14,2.84
2016-07-15,2.83
2016-07-18,2.83
2016-07-19,2.82
2016-07-20,2.8
2016-07-21,2.78
2016-07-22,2.79
2016-07-25,2.81
2016-07-26,2.79
2016-07-27,2.8
2016-07-28,2.79
2016-07-29,2.78
2016-08-01,2.78
2016-08-02,2.78
2016-08-03,2.77
2016-08-04,2.77
2016-08-05,2.75
2016-08-08,2.75
2016-08-09,2.71
2016-08-10,2.7
2016-08-11,2.69
2016-08-12,2.67
2016-08-15,2.64
2016-08-16,2.67
2016-08-17,2.69
2016-08-18,2.68
2016-08-19,2.7
2016-08-22,2.68
2016-08-23,2.72
2016-08-24,2.73
2016-08-25,2.72
2016-08-26,2.69
2016-08-29,2.71
2016-08-30,2.75
2016-08-31,2.74
2016-09-01,2.75
2016-09-02,2.75
2016-09-05,2.75
2016-09-06,2.76
2016-09-07,2.79
2016-09-08,2.78
2016-09-09,2.77
2016-09-12,2.79
2016-09-13,2.77
2016-09-14,2.76
2016-09-18,2.77
2016-09-19,2.76
2016-09-20,2.74
2016-09-21,2.75
2016-09-22,2.75
2016-09-23,2.73
2016-09-26,2.72
2016-09-27,2.71
2016-09-28,2.72
2016-09-29,2.73
2016-09-30,2.73
2016-10-08,2.7
2016-10-09,2.68
2016-10-10,2.67
2016-10-11,2.68
2016-10-12,2.71
2016-10-13,2.7
2016-10-14,2.7
2016-10-17,2.69
2016-10-18,2.7
2016-10-19,2.67
2016-10-20,2.65
2016-10-21,2.65
2016-10-24,2.66
2016-10-25,2.69
2016-10-26,2.72
2016-10-27,2.71
2016-10-28,2.7
2016-10-31,2.74
2016-11-01,2.74
2016-11-02,2.74
2016-11-03,2.73
2016-11-04,2.73
2016-11-07,2.75
2016-11-08,2.76
2016-11-09,2.77
2016-11-10,2.79
2016-11-11,2.82
2016-11-14,2.86
2016-11-15,2.85
2016-11-16,2.87
2016-11-17,2.91
2016-11-18,2.89
2016-11-21,2.89
2016-11-22,2.87
2016-11-23,2.85
2016-11-24,2.85
2016-11-25,2.87
2016-11-28,2.85
2016-11-29,2.89
2016-11-30,2.95
2016-12-01,2.99
2016-12-02,2.99
2016-12-05,3.03
2016-12-06,3.12
2016-12-07,3.09
2016-12-08,3.08
2016-12-09,3.09
2016-12-12,3.15
2016-12-13,3.19
2016-12-14,3.22
2016-12-15,3.33
2016-12-16,3.28
2016-12-19,3.33
2016-12-20,3.37
2016-12-21,3.28
2016-12-22,3.19
2016-12-23,3.18
2016-12-26,3.16
2016-12-27,3.16
2016-12-28,3.12
2016-12-29,3.05
2016-12-30,3.01
2016-12-31,3.01
2017-01-03,3.11
2017-01-04,3.18
2017-01-05,3.21
2017-01-06,3.2
2017-01-09,3.17
2017-01-10,3.18
2017-01-11,3.21
2017-01-12,3.19
2017-01-13,3.2
2017-01-16,3.25
2017-01-17,3.27
2017-01-18,3.27
2017-01-19,3.26
2017-01-20,3.24
2017-01-22,3.26
2017-01-23,3.24
2017-01-24,3.28
2017-01-25,3.35
2017-01-26,3.35
2017-02-03,3.42
2017-02-04,3.41
2017-02-06,3.49
2017-02-07,3.49
2017-02-08,3.46
2017-02-09,3.41
2017-02-10,3.44
2017-02-13,3.42
2017-02-14,3.41
2017-02-15,3.41
2017-02-16,3.36
2017-02-17,3.33
2017-02-20,3.28
2017-02-21,3.3
2017-02-22,3.28
2017-02-23,3.27
2017-02-24,3.29
2017-02-27,3.29
2017-02-28,3.29
2017-03-01,3.33
2017-03-02,3.35
2017-03-03,3.36
2017-03-06,3.36
2017-03-07,3.36
2017-03-08,3.41
2017-03-09,3.42
2017-03-10,3.42
2017-03-13,3.39
2017-03-14,3.37
2017-03-15,3.35
2017-03-16,3.31
2017-03-17,3.31
2017-03-20,3.31
2017-03-21,3.31
2017-03-22,3.31
2017-03-23,3.3
2017-03-24,3.25
2017-03-27,3.25
2017-03-28,3.26
2017-03-29,3.27
2017-03-30,3.29
2017-03-31,3.28
2017-04-01,3.27
2017-04-05,3.31
2017-04-06,3.31
2017-04-07,3.3
2017-04-10,3.32
2017-04-11,3.32
2017-04-12,3.33
2017-04-13,3.32
2017-04-14,3.36
2017-04-17,3.42
2017-04-18,3.41
2017-04-19,3.41
2017-04-20,3.42
2017-04-21,3.46
2017-04-24,3.5
2017-04-25,3.46
2017-04-26,3.45
2017-04-27,3.45
2017-04-28,3.47
2017-05-02,3.49
2017-05-03,3.52
2017-05-04,3.55
2017-05-05,3.56
2017-05-08,3.6
2017-05-09,3.63
2017-05-10,3.69
2017-05-11,3.64
2017-05-12,3.65
2017-05-15,3.61
2017-05-16,3.62
2017-05-17,3.63
2017-05-18,3.61
2017-05-19,3.63
2017-05-22,3.66
2017-05-23,3.67
2017-05-24,3.66
2017-05-25,3.65
2017-05-26,3.65
2017-05-27,3.65
2017-05-31,3.61
2017-06-01,3.62
2017-06-02,3.63
2017-06-05,3.62
2017-06-06,3.63
2017-06-07,3.64
2017-06-08,3.65
2017-06-09,3.63
2017-06-12,3.58
2017-06-13,3.58
2017-06-14,3.54
2017-06-15,3.56
2017-06-16,3.57
2017-06-19,3.5
2017-06-20,3.49
2017-06-21,3.54
2017-06-22,3.56
2017-06-23,3.55
2017-06-26,3.51
2017-06-27,3.51
2017-06-28,3.53
2017-06-29,3.55
2017-06-30,3.57
2017-07-03,3.6
2017-07-04,3.6
2017-07-05,3.58
2017-07-06,3.57
2017-07-07,3.59
2017-07-10,3.59
2017-07-11,3.58
2017-07-12,3.57
2017-07-13,3.56
2017-07-14,3.56
2017-07-17,3.56
2017-07-18,3.59
2017-07-19,3.59
2017-07-20,3.57
2017-07-21,3.58
2017-07-24,3.58
2017-07-25,3.59
2017-07-26,3.62
2017-07-27,3.6
2017-07-28,3.6
2017-07-31,3.63
2017-08-01,3.64
2017-08-02,3.63
2017-08-03,3.63
2017-08-04,3.63
2017-08-07,3.66
2017-08-08,3.65
2017-08-09,3.66
2017-08-10,3.64
2017-08-11,3.62
2017-08-14,3.59
2017-08-15,3.58
2017-08-16,3.6
2017-08-17,3.59
2017-08-18,3.6
2017-08-21,3.62
2017-08-22,3.62
2017-08-23,3.62
2017-08-24,3.63
2017-08-25,3.63
2017-08-28,3.65
2017-08-29,3.63
2017-08-30,3.63
2017-08-31,3.63
2017-09-01,3.64
2017-09-04,3.65
2017-09-05,3.66
2017-09-06,3.66
2017-09-07,3.62
2017-09-08,3.6
2017-09-11,3.62
2017-09-12,3.62
2017-09-13,3.64
2017-09-14,3.6
2017-09-15,3.6
2017-09-18,3.62
2017-09-19,3.62
2017-09-20,3.62
2017-09-21,3.63
2017-09-22,3.62
2017-09-25,3.6
2017-09-26,3.62
2017-09-27,3.62
2017-09-28,3.61
2017-09-29,3.61
2017-09-30,3.61
2017-10-09,3.65
2017-10-10,3.65
2017-10-11,3.65
2017-10-12,3.68
2017-10-13,3.67
2017-10-16,3.71
2017-10-17,3.74
2017-10-18,3.74
2017-10-19,3.72
2017-10-20,3.72
2017-10-23,3.72
2017-10-24,3.72
2017-10-25,3.78
2017-10-26,3.78
2017-10-27,3.83
2017-10-30,3.91
2017-10-31,3.89
2017-11-01,3.86
2017-11-02,3.87
2017-11-03,3.88
2017-11-06,3.87
2017-11-07,3.88
2017-11-08,3.87
2017-11-09,3.89
2017-11-10,3.9
2017-11-13,3.95
2017-11-14,3.95
2017-11-15,3.95
2017-11-16,3.92
2017-11-17,3.92
2017-11-20,3.94
2017-11-21,3.95
2017-11-22,3.99
2017-11-23,3.99
2017-11-24,3.95
2017-11-27,3.95
2017-11-28,3.96
2017-11-29,3.91
2017-11-30,3.89
2017-12-01,3.89
2017-12-04,3.89
2017-12-05,3.88
2017-12-06,3.88
2017-12-07,3.89
2017-12-08,3.91
2017-12-11,3.93
2017-12-12,3.94
2017-12-13,3.93
2017-12-14,3.91
2017-12-15,3.89
2017-12-18,3.89
2017-12-19,3.9
2017-12-20,3.9
2017-12-21,3.9
2017-12-22,3.88
2017-12-25,3.87
2017-12-26,3.89
2017-12-27,3.9
2017-12-28,3.89
2017-12-29,3.88
2017-12-30,3.88
2017-12-31,3.88
2018-01-02,3.9
2018-01-03,3.92
2018-01-04,3.93
2018-01-05,3.92
2018-01-08,3.91
2018-01-09,3.89
2018-01-10,3.92
2018-01-11,3.95
2018-01-12,3.93
2018-01-15,3.97
2018-01-16,3.96
2018-01-17,3.96
2018-01-18,3.98
2018-01-19,3.98
2018-01-22,3.95
2018-01-23,3.94
2018-01-24,3.95
2018-01-25,3.94
2018-01-26,3.94
2018-01-29,3.94
2018-01-30,3.93
2018-01-31,3.91
2018-02-01,3.91
2018-02-02,3.91
2018-02-05,3.92
2018-02-06,3.88
2018-02-07,3.87
2018-02-08,3.88
2018-02-09,3.88
2018-02-11,3.88
2018-02-12,3.88
2018-02-13,3.87
2018-02-14,3.87
2018-02-22,3.88
2018-02-23,3.87
2018-02-24,3.87
2018-02-26,3.85
2018-02-27,3.82
2018-02-28,3.82
2018-03-01,3.82
2018-03-02,3.84
2018-03-05,3.85
2018-03-06,3.83
2018-03-07,3.82
2018-03-08,3.82
2018-03-09,3.83
2018-03-12,3.82
2018-03-13,3.84
2018-03-14,3.84
2018-03-15,3.83
2018-03-16,3.82
2018-03-19,3.81
2018-03-20,3.79
2018-03-21,3.76
2018-03-22,3.75
2018-03-23,3.7
2018-03-26,3.73
2018-03-27,3.74
2018-03-28,3.74
2018-03-29,3.75
2018-03-30,3.74
2018-04-02,3.74
2018-04-03,3.75
2018-04-04,3.72
2018-04-08,3.7
2018-04-09,3.7
2018-04-10,3.72
2018-04-11,3.71
2018-04-12,3.71
2018-04-13,3.71
2018-04-16,3.66
2018-04-17,3.65
2018-04-18,3.5
2018-04-19,3.51
2018-04-20,3.52
2018-04-23,3.6
2018-04-24,3.59
2018-04-25,3.61
2018-04-26,3.63
2018-04-27,3.64
2018-04-28,3.62
2018-05-02,3.67
2018-05-03,3.65
2018-05-04,3.63
2018-05-07,3.65
2018-05-08,3.69
2018-05-09,3.71
2018-05-10,3.69
2018-05-11,3.69
2018-05-14,3.69
2018-05-15,3.72
2018-05-16,3.71
2018-05-17,3.71
2018-05-18,3.71
2018-05-21,3.69
2018-05-22,3.67
2018-05-23,3.64
2018-05-24,3.65
2018-05-25,3.61
2018-05-28,3.61
2018-05-29,3.6
2018-05-30,3.6
2018-05-31,3.61
2018-06-01,3.62
2018-06-04,3.65
2018-06-05,3.66
2018-06-06,3.66
2018-06-07,3.67
2018-06-08,3.65
2018-06-11,3.65
2018-06-12,3.69
2018-06-13,3.66
2018-06-14,3.62
2018-06-15,3.6
2018-06-19,3.56
2018-06-20,3.61
2018-06-21,3.58
2018-06-22,3.56
2018-06-25,3.58
2018-06-26,3.58
2018-06-27,3.55
2018-06-28,3.53
2018-06-29,3.48
2018-07-02,3.47
2018-07-03,3.5
2018-07-04,3.51
2018-07-05,3.5
2018-07-06,3.53
2018-07-09,3.54
2018-07-10,3.54
2018-07-11,3.51
2018-07-12,3.52
2018-07-13,3.49
2018-07-16,3.48
2018-07-17,3.48
2018-07-18,3.47
2018-07-19,3.44
2018-07-20,3.51
2018-07-23,3.52
2018-07-24,3.56
2018-07-25,3.56
2018-07-26,3.54
2018-07-27,3.52
2018-07-30,3.52
2018-07-31,3.48
2018-08-01,3.46
2018-08-02,3.47
2018-08-03,3.46
2018-08-06,3.46
2018-08-07,3.49
2018-08-08,3.52
2018-08-09,3.55
2018-08-10,3.55
2018-08-13,3.58
2018-08-14,3.55
2018-08-15,3.58
2018-08-16,3.61
2018-08-17,3.65
2018-08-20,3.63
2018-08-21,3.63
2018-08-22,3.61
2018-08-23,3.61
2018-08-24,3.63
2018-08-27,3.63
2018-08-28,3.61
2018-08-29,3.61
2018-08-30,3.58
2018-08-31,3.58
2018-09-03,3.6
2018-09-04,3.61
2018-09-05,3.61
2018-09-06,3.61
2018-09-07,3.63
2018-09-10,3.66
2018-09-11,3.68
2018-09-12,3.66
2018-09-13,3.65
2018-09-14,3.64
2018-09-17,3.63
2018-09-18,3.65
2018-09-19,3.67
2018-09-20,3.7
2018-09-21,3.68
2018-09-25,3.68
2018-09-26,3.65
2018-09-27,3.63
2018-09-28,3.62
2018-09-29,3.61
2018-09-30,3.61
2018-10-08,3.62
2018-10-09,3.62
2018-10-10,3.62
2018-10-11,3.58
2018-10-12,3.58
2018-10-15,3.59
2018-10-16,3.58
2018-10-17,3.58
2018-10-18,3.55
2018-10-19,3.57
2018-10-22,3.59
2018-10-23,3.57
2018-10-24,3.54
2018-10-25,3.54
2018-10-26,3.54
2018-10-29,3.51
2018-10-30,3.52
2018-10-31,3.51
2018-11-01,3.49
2018-11-02,3.55
2018-11-05,3.53
2018-11-06,3.51
2018-11-07,3.48
2018-11-08,3.48
2018-11-09,3.48
2018-11-12,3.49
2018-11-13,3.47
2018-11-14,3.42
2018-11-15,3.39
2018-11-16,3.35
2018-11-19,3.38
2018-11-20,3.38
2018-11-21,3.37
2018-11-22,3.39
2018-11-23,3.39
2018-11-26,3.42
2018-11-27,3.4
2018-11-28,3.37
2018-11-29,3.36
2018-11-30,3.36
2018-12-03,3.35
2018-12-04,3.31
2018-12-05,3.28
2018-12-06,3.28
2018-12-07,3.29
2018-12-10,3.27
2018-12-11,3.27
2018-12-12,3.27
2018-12-13,3.33
2018-12-14,3.35
2018-12-17,3.37
2018-12-18,3.37
2018-12-19,3.34
2018-12-20,3.3
2018-12-21,3.32
2018-12-24,3.35
2018-12-25,3.31
2018-12-26,3.3
2018-12-27,3.27
2018-12-28,3.23
2018-12-29,3.23
2018-12-30,3.23
2018-12-31,3.23
2019-01-02,3.17
2019-01-03,3.14
2019-01-04,3.15
2019-01-07,3.15
2019-01-08,3.12
2019-01-09,3.11
2019-01-10,3.1
2019-01-11,3.11
2019-01-14,3.13
2019-01-15,3.14
2019-01-16,3.07
2019-01-17,3.08
2019-01-18,3.09
2019-01-21,3.1
2019-01-22,3.11
2019-01-23,3.12
2019-01-24,3.13
2019-01-25,3.14
2019-01-28,3.14
2019-01-29,3.12
2019-01-30,3.12
2019-01-31,3.1
2019-02-01,3.1
2019-02-02,3.1
2019-02-03,3.1
2019-02-11,3.07
2019-02-12,3.07
2019-02-13,3.07
2019-02-14,3.07
2019-02-15,3.08
2019-02-18,3.11
2019-02-19,3.13
2019-02-20,3.12
2019-02-21,3.14
2019-02-22,3.15
2019-02-25,3.18
2019-02-26,3.19
2019-02-27,3.17
2019-02-28,3.17
2019-03-01,3.19
2019-03-04,3.2
2019-03-05,3.21
2019-03-06,3.2
2019-03-07,3.16
2019-03-08,3.14
2019-03-11,3.14
2019-03-12,3.14
2019-03-13,3.14
2019-03-14,3.15
2019-03-15,3.14
2019-03-18,3.14
2019-03-19,3.14
2019-03-20,3.15
2019-03-21,3.13
2019-03-22,3.11
2019-03-25,3.08
2019-03-26,3.06
2019-03-27,3.09
2019-03-28,3.06
2019-03-29,3.07
2019-04-01,3.13
2019-04-02,3.17
2019-04-03,3.23
2019-04-04,3.27
2019-04-08,3.25
2019-04-09,3.29
2019-04-10,3.29
2019-04-11,3.28
2019-04-12,3.33
2019-04-15,3.37
2019-04-16,3.39
2019-04-17,3.39
2019-04-18,3.36
2019-04-19,3.37
2019-04-22,3.41
2019-04-23,3.4
2019-04-24,3.43
2019-04-25,3.42
2019-04-26,3.4
2019-04-28,3.4
2019-04-29,3.43
2019-04-30,3.39
2019-05-05,3.38
2019-05-06,3.36
2019-05-07,3.36
2019-05-08,3.34
2019-05-09,3.31
2019-05-10,3.3
2019-05-13,3.27
2019-05-14,3.29
2019-05-15,3.28
2019-05-16,3.27
2019-05-17,3.27
2019-05-20,3.27
2019-05-21,3.3
2019-05-22,3.33
2019-05-23,3.31
2019-05-24,3.31
2019-05-27,3.35
2019-05-28,3.31
2019-05-29,3.29
2019-05-30,3.28
2019-05-31,3.28
2019-06-03,3.24
2019-06-04,3.21
2019-06-05,3.21
2019-06-06,3.21
2019-06-10,3.23
2019-06-11,3.27
2019-06-12,3.26
2019-06-13,3.25
2019-06-14,3.23
2019-06-17,3.23
2019-06-18,3.23
2019-06-19,3.24
2019-06-20,3.24
2019-06-21,3.23
2019-06-24,3.25
2019-06-25,3.24
2019-06-26,3.25
2019-06-27,3.26
2019-06-28,3.23
2019-07-01,3.23
2019-07-02,3.17
2019-07-03,3.16
2019-07-04,3.15
2019-07-05,3.17
2019-07-08,3.18
2019-07-09,3.17
2019-07-10,3.17
2019-07-11,3.17
2019-07-12,3.15
2019-07-15,3.18
2019-07-16,3.17
2019-07-17,3.18
2019-07-18,3.16
2019-07-19,3.16
2019-07-22,3.15
2019-07-23,3.15
2019-07-24,3.17
2019-07-25,3.16
2019-07-26,3.17
2019-07-29,3.18
2019-07-30,3.18
2019-07-31,3.16
2019-08-01,3.15
2019-08-02,3.09
2019-08-05,3.06
2019-08-06,3.06
2019-08-07,3.05
2019-08-08,3.05
2019-08-09,3.02
2019-08-12,3.04
2019-08-13,3.0
2019-08-14,3.01
2019-08-15,3.01
2019-08-16,3.02
2019-08-19,3.02
2019-08-20,3.03
2019-08-21,3.06
2019-08-22,3.05
2019-08-23,3.06
2019-08-26,3.05
2019-08-27,3.05
2019-08-28,3.05
2019-08-29,3.03
2019-08-30,3.06
2019-09-02,3.07
2019-09-03,3.06
2019-09-04,3.05
2019-09-05,3.02
2019-09-06,3.02
2019-09-09,3.03
2019-09-10,3.04
2019-09-11,3.05
2019-09-12,3.09
2019-09-16,3.09
2019-09-17,3.11
2019-09-18,3.13
2019-09-19,3.11
2019-09-20,3.1
2019-09-23,3.1
2019-09-24,3.12
2019-09-25,3.12
2019-09-26,3.14
2019-09-27,3.15
2019-09-29,3.14
2019-09-30,3.14
2019-10-08,3.11
2019-10-09,3.11
2019-10-10,3.13
2019-10-11,3.16
2019-10-12,3.17
2019-10-14,3.16
2019-10-15,3.17
2019-10-16,3.17
2019-10-17,3.16
2019-10-18,3.19
2019-10-21,3.22
2019-10-22,3.22
2019-10-23,3.21
2019-10-24,3.22
2019-10-25,3.24
2019-10-28,3.29
2019-10-29,3.3
2019-10-30,3.31
2019-10-31,3.29
2019-11-01,3.28
2019-11-04,3.3
2019-11-05,3.25
2019-11-06,3.26
2019-11-07,3.27
2019-11-08,3.28
2019-11-11,3.25
2019-11-12,3.26
2019-11-13,3.24
2019-11-14,3.26
2019-11-15,3.24
2019-11-18,3.2
2019-11-19,3.17
2019-11-20,3.17
2019-11-21,3.17
2019-11-22,3.17
2019-11-25,3.19
2019-11-26,3.17
2019-11-27,3.17
2019-11-28,3.17
2019-11-29,3.17
2019-12-02,3.21
2019-12-03,3.17
2019-12-04,3.18
2019-12-05,3.18
2019-12-06,3.18
2019-12-09,3.19
2019-12-10,3.18
2019-12-11,3.17
2019-12-12,3.17
2019-12-13,3.18
2019-12-16,3.19
2019-12-17,3.21
2019-12-18,3.21
2019-12-19,3.21
2019-12-20,3.18
2019-12-23,3.17
2019-12-24,3.15
2019-12-25,3.15
2019-12-26,3.11
2019-12-27,3.13
2019-12-30,3.13
2019-12-31,3.14
2020-01-02,3.15
2020-01-03,3.14
2020-01-06,3.14
2020-01-07,3.14
2020-01-08,3.13
2020-01-09,3.12
2020-01-10,3.08
2020-01-13,3.08
2020-01-14,3.1
2020-01-15,3.09
2020-01-16,3.09
2020-01-17,3.08
2020-01-19,3.08
2020-01-20,3.08
2020-01-21,3.03
2020-01-22,3.03
2020-01-23,2.99
2020-02-03,2.82
2020-02-04,2.86
2020-02-05,2.84
2020-02-06,2.84
2020-02-07,2.8
2020-02-10,2.79
2020-02-11,2.83
2020-02-12,2.83
2020-02-13,2.82
2020-02-14,2.86
2020-02-17,2.89
2020-02-18,2.87
2020-02-19,2.88
2020-02-20,2.89
2020-02-21,2.85
2020-02-24,2.81
2020-02-25,2.82
2020-02-26,2.8
2020-02-27,2.77
2020-02-28,2.74
2020-03-02,2.74
2020-03-03,2.75
2020-03-04,2.67
2020-03-05,2.68
2020-03-06,2.63
2020-03-09,2.52
2020-03-10,2.61
2020-03-11,2.61
2020-03-12,2.64
2020-03-13,2.68
2020-03-16,2.68
2020-03-17,2.71
2020-03-18,2.71
2020-03-19,2.73
2020-03-20,2.68
2020-03-23,2.63
2020-03-24,2.63
2020-03-25,2.63
2020-03-26,2.59
2020-03-27,2.61
2020-03-30,2.61
2020-03-31,2.59
2020-04-01,2.56
2020-04-02,2.59
2020-04-03,2.6
2020-04-07,2.51
2020-04-08,2.48
2020-04-09,2.52
2020-04-10,2.54
2020-04-13,2.57
2020-04-14,2.56
2020-04-15,2.55
2020-04-16,2.53
2020-04-17,2.56
2020-04-20,2.59
2020-04-21,2.58
2020-04-22,2.56
2020-04-23,2.52
2020-04-24,2.51
2020-04-26,2.52
2020-04-27,2.53
2020-04-28,2.53
2020-04-29,2.5
2020-04-30,2.54
2020-05-06,2.58
2020-05-07,2.63
2020-05-08,2.62
2020-05-09,2.64
2020-05-11,2.67
2020-05-12,2.66
2020-05-13,2.71
2020-05-14,2.7
2020-05-15,2.68
2020-05-18,2.73
2020-05-19,2.73
2020-05-20,2.69
2020-05-21,2.69
2020-05-22,2.62
2020-05-25,2.69
2020-05-26,2.74
2020-05-27,2.75
2020-05-28,2.72
2020-05-29,2.71
2020-06-01,2.73
2020-06-02,2.79
2020-06-03,2.79
2020-06-04,2.83
2020-06-05,2.85
2020-06-08,2.81
2020-06-09,2.8
2020-06-10,2.82
2020-06-11,2.77
2020-06-12,2.75
2020-06-15,2.79
2020-06-16,2.84
2020-06-17,2.88
2020-06-18,2.85
2020-06-19,2.88
2020-06-22,2.92
2020-06-23,2.91
2020-06-24,2.86
2020-06-28,2.84
2020-06-29,2.85
2020-06-30,2.82
2020-07-01,2.85
2020-07-02,2.86
2020-07-03,2.9
2020-07-06,3.0
2020-07-07,3.02
2020-07-08,3.06
2020-07-09,3.08
2020-07-10,3.03
2020-07-13,3.06
2020-07-14,3.01
2020-07-15,2.96
2020-07-16,2.95
2020-07-17,2.95
2020-07-20,2.93
2020-07-21,2.9
2020-07-22,2.89
2020-07-23,2.91
2020-07-24,2.86
2020-07-27,2.88
2020-07-28,2.92
2020-07-29,2.94
2020-07-30,2.94
2020-07-31,2.97
2020-08-03,2.95
2020-08-04,2.94
2020-08-05,2.96
2020-08-06,2.98
2020-08-07,2.99
2020-08-10,2.95
2020-08-11,2.95
2020-08-12,2.96
2020-08-13,2.96
2020-08-14,2.94
2020-08-17,2.94
2020-08-18,2.98
2020-08-19,2.99
2020-08-20,3.0
2020-08-21,2.98
2020-08-24,3.0
2020-08-25,3.04
2020-08-26,3.05
2020-08-27,3.06
2020-08-28,3.07
2020-08-31,3.02
2020-09-01,3.05
2020-09-02,3.1
2020-09-03,3.11
2020-09-04,3.12
2020-09-07,3.15
2020-09-08,3.12
2020-09-09,3.08
2020-09-10,3.08
2020-09-11,3.13
2020-09-14,3.15
2020-09-15,3.11
2020-09-16,3.13
2020-09-17,3.13
2020-09-18,3.12
2020-09-21,3.1
2020-09-22,3.09
2020-09-23,3.09
2020-09-24,3.08
2020-09-25,3.13
2020-09-27,3.13
2020-09-28,3.11
2020-09-29,3.13
2020-09-30,3.15
2020-10-09,3.19
2020-10-10,3.19
2020-10-12,3.19
2020-10-13,3.2
2020-10-14,3.22
2020-10-15,3.23
2020-10-16,3.22
2020-10-19,3.2
2020-10-20,3.2
2020-10-21,3.19
2020-10-22,3.17
2020-10-23,3.2
2020-10-26,3.19
2020-10-27,3.16
2020-10-28,3.18
2020-10-29,3.19
2020-10-30,3.18
2020-11-02,3.18
2020-11-03,3.18
2020-11-04,3.17
2020-11-05,3.19
2020-11-06,3.21
2020-11-09,3.24
2020-11-10,3.22
2020-11-11,3.24
2020-11-12,3.26
2020-11-13,3.27
2020-11-16,3.27
2020-11-17,3.29
2020-11-18,3.32
2020-11-19,3.35
2020-11-20,3.31
2020-11-23,3.27
2020-11-24,3.29
2020-11-25,3.27
2020-11-26,3.29
2020-11-27,3.3
2020-11-30,3.25
2020-12-01,3.27
2020-12-02,3.29
2020-12-03,3.29
2020-12-04,3.27
2020-12-07,3.27
2020-12-08,3.26
2020-12-09,3.27
2020-12-10,3.26
2020-12-11,3.3
2020-12-14,3.29
2020-12-15,3.28
2020-12-16,3.28
2020-12-17,3.28
2020-12-18,3.29
2020-12-21,3.27
2020-12-22,3.23
2020-12-23,3.22
2020-12-24,3.23
2020-12-25,3.19
2020-12-28,3.16
2020-12-29,3.16
2020-12-30,3.12
2020-12-31,3.14
2021-01-04,3.18
2021-01-05,3.13
2021-01-06,3.13
2021-01-07,3.13
2021-01-08,3.15
2021-01-11,3.16
2021-01-12,3.15
2021-01-13,3.12
2021-01-14,3.11
2021-01-15,3.15
2021-01-18,3.17
2021-01-19,3.16
2021-01-20,3.16
2021-01-21,3.13
2021-01-22,3.12
2021-01-25,3.13
2021-01-26,3.16
2021-01-27,3.16
2021-01-28,3.2
2021-01-29,3.18
2021-02-01,3.17
2021-02-02,3.19
2021-02-03,3.21
2021-02-04,3.23
2021-02-05,3.22
2021-02-07,3.22
2021-02-08,3.24
2021-02-09,3.23
2021-02-10,3.24
2021-02-18,3.28
2021-02-19,3.26
2021-02-20,3.26
2021-02-22,3.27
2021-02-23,3.26
2021-02-24,3.26
2021-02-25,3.27
2021-02-26,3.28
2021-03-01,3.25
2021-03-02,3.25
2021-03-03,3.26
2021-03-04,3.27
2021-03-05,3.25
2021-03-08,3.24
2021-03-09,3.25
2021-03-10,3.24
2021-03-11,3.25
2021-03-12,3.26
2021-03-15,3.27
2021-03-16,3.26
2021-03-17,3.26
2021-03-18,3.26
2021-03-19,3.24
2021-03-22,3.23
2021-03-23,3.21
2021-03-24,3.19
2021-03-25,3.19
2021-03-26,3.2
2021-03-29,3.2
2021-03-30,3.21
2021-03-31,3.19
2021-04-01,3.2
2021-04-02,3.2
2021-04-06,3.21
2021-04-07,3.22
2021-04-08,3.22
2021-04-09,3.21
2021-04-12,3.19
2021-04-13,3.16
2021-04-14,3.17
2021-04-15,3.17
2021-04-16,3.16
2021-04-19,3.16
2021-04-20,3.16
2021-04-21,3.15
2021-04-22,3.16
2021-04-23,3.17
2021-04-25,3.18
2021-04-26,3.2
2021-04-27,3.21
2021-04-28,3.2
2021-04-29,3.19
2021-04-30,3.16
2021-05-06,3.15
2021-05-07,3.16
2021-05-08,3.16
2021-05-10,3.15
2021-05-11,3.14
2021-05-12,3.13
2021-05-13,3.14
2021-05-14,3.14
2021-05-17,3.15
2021-05-18,3.15
2021-05-19,3.13
2021-05-20,3.1
2021-05-21,3.09
2021-05-24,3.09
2021-05-25,3.09
2021-05-26,3.06
2021-05-27,3.07
2021-05-28,3.08
2021-05-31,3.05
2021-06-01,3.04
2021-06-02,3.07
2021-06-03,3.06
2021-06-04,3.09
2021-06-07,3.11
2021-06-08,3.11
2021-06-09,3.11
2021-06-10,3.1
2021-06-11,3.13
2021-06-15,3.12
2021-06-16,3.13
2021-06-17,3.14
2021-06-18,3.12
2021-06-21,3.1
2021-06-22,3.09
2021-06-23,3.09
2021-06-24,3.08
2021-06-25,3.08
2021-06-28,3.09
2021-06-29,3.09
2021-06-30,3.08
2021-07-01,3.09
2021-07-02,3.08
2021-07-05,3.08
2021-07-06,3.09
2021-07-07,3.06
2021-07-08,2.98
2021-07-09,3.01
2021-07-12,2.94
2021-07-13,2.93
2021-07-14,2.94
2021-07-15,2.96
2021-07-16,2.94
2021-07-19,2.95
2021-07-20,2.93
2021-07-21,2.92
2021-07-22,2.93
2021-07-23,2.91
2021-07-26,2.87
2021-07-27,2.91
2021-07-28,2.93
2021-07-29,2.88
2021-07-30,2.84
2021-08-02,2.82
2021-08-03,2.83
2021-08-04,2.83
2021-08-05,2.8
2021-08-06,2.81
2021-08-09,2.86
2021-08-10,2.88
2021-08-11,2.88
2021-08-12,2.86
2021-08-13,2.88
2021-08-16,2.89
2021-08-17,2.88
2021-08-18,2.85
2021-08-19,2.84
2021-08-20,2.85
2021-08-23,2.87
2021-08-24,2.85
2021-08-25,2.85
2021-08-26,2.88
2021-08-27,2.87
2021-08-30,2.85
2021-08-31,2.85
2021-09-01,2.82
2021-09-02,2.83
2021-09-03,2.83
2021-09-06,2.84
2021-09-07,2.86
2021-09-08,2.87
2021-09-09,2.87
2021-09-10,2.87
2021-09-13,2.89
2021-09-14,2.89
2021-09-15,2.9
2021-09-16,2.89
2021-09-17,2.88
2021-09-18,2.87
2021-09-22,2.86
2021-09-23,2.86
2021-09-24,2.87
2021-09-26,2.88
2021-09-27,2.88
2021-09-28,2.88
2021-09-29,2.86
2021-09-30,2.88
2021-10-08,2.91
2021-10-09,2.92
2021-10-11,2.96
2021-10-12,2.97
2021-10-13,2.96
2021-10-14,2.96
2021-10-15,2.97
2021-10-18,3.04
2021-10-19,3.01
2021-10-20,3.0
2021-10-21,2.97
2021-10-22,3.0
2021-10-25,2.99
2021-10-26,2.98
2021-10-27,2.98
2021-10-28,2.97
2021-10-29,2.97
2021-11-01,2.94
2021-11-02,2.93
2021-11-03,2.94
2021-11-04,2.93
2021-11-05,2.89
2021-11-08,2.9
2021-11-09,2.9
2021-11-10,2.91
2021-11-11,2.94
2021-11-12,2.94
2021-11-15,2.93
2021-11-16,2.92
2021-11-17,2.93
2021-11-18,2.91
2021-11-19,2.93
2021-11-22,2.89
2021-11-23,2.89
2021-11-24,2.86
2021-11-25,2.86
2021-11-26,2.82
2021-11-29,2.83
2021-11-30,2.83
2021-12-01,2.84
2021-12-02,2.86
2021-12-03,2.87
2021-12-06,2.82
2021-12-07,2.85
2021-12-08,2.86
2021-12-09,2.85
2021-12-10,2.84
2021-12-13,2.86
2021-12-14,2.85
2021-12-15,2.85
2021-12-16,2.86
2021-12-17,2.85
2021-12-20,2.85
2021-12-21,2.85
2021-12-22,2.83
2021-12-23,2.81
2021-12-24,2.82
2021-12-27,2.81
2021-12-28,2.8
2021-12-29,2.79
2021-12-30,2.77
2021-12-31,2.78
2022-01-04,2.79
2022-01-05,2.8
2022-01-06,2.82
2022-01-07,2.82
2022-01-10,2.81
2022-01-11,2.8
2022-01-12,2.8
2022-01-13,2.79
2022-01-14,2.79
2022-01-17,2.79
2022-01-18,2.74
2022-01-19,2.73
2022-01-20,2.73
2022-01-21,2.71
2022-01-24,2.68
2022-01-25,2.7
2022-01-26,2.71
2022-01-27,2.73
2022-01-28,2.7
2022-01-29,2.7
2022-01-30,2.7
2022-02-07,2.73
2022-02-08,2.72
2022-02-09,2.73
2022-02-10,2.73
2022-02-11,2.79
2022-02-14,2.8
2022-02-15,2.8
2022-02-16,2.79
2022-02-17,2.78
2022-02-18,2.8
2022-02-21,2.83
2022-02-22,2.82
2022-02-23,2.79
2022-02-24,2.79
2022-02-25,2.78
2022-02-28,2.78
2022-03-01,2.8
2022-03-02,2.82
2022-03-03,2.83
2022-03-04,2.81
2022-03-07,2.81
2022-03-08,2.83
2022-03-09,2.84
2022-03-10,2.85
2022-03-11,2.79
2022-03-14,2.77
2022-03-15,2.82
2022-03-16,2.8
2022-03-17,2.79
2022-03-18,2.79
2022-03-21,2.81
2022-03-22,2.83
2022-03-23,2.83
2022-03-24,2.81
2022-03-25,2.8
2022-03-28,2.79
2022-03-29,2.79
2022-03-30,2.77
2022-03-31,2.79
2022-04-01,2.77
2022-04-02,2.77
2022-04-06,2.76
2022-04-07,2.74
2022-04-08,2.75
2022-04-11,2.77
2022-04-12,2.77
2022-04-13,2.76
2022-04-14,2.77
2022-04-15,2.76
2022-04-18,2.81
2022-04-19,2.82
2022-04-20,2.83
2022-04-21,2.83
2022-04-22,2.84
2022-04-24,2.83
2022-04-25,2.82
2022-04-26,2.83
2022-04-27,2.84
2022-04-28,2.85
2022-04-29,2.84
2022-05-05,2.83
2022-05-06,2.83
2022-05-07,2.83
2022-05-09,2.82
2022-05-10,2.81
2022-05-11,2.82
2022-05-12,2.81
2022-05-13,2.81
2022-05-16,2.82
2022-05-17,2.82
2022-05-18,2.78
2022-05-19,2.78
2022-05-20,2.79
2022-05-23,2.77
2022-05-24,2.77
2022-05-25,2.76
2022-05-26,2.71
2022-05-27,2.7
2022-05-30,2.72
2022-05-31,2.74
2022-06-01,2.76
2022-06-02,2.76
2022-06-06,2.78
2022-06-07,2.76
2022-06-08,2.77
2022-06-09,2.76
2022-06-10,2.75
2022-06-13,2.77
2022-06-14,2.77
2022-06-15,2.78
2022-06-16,2.77
2022-06-17,2.78
2022-06-20,2.79
2022-06-21,2.79
2022-06-22,2.78
2022-06-23,2.78
2022-06-24,2.8
2022-06-27,2.83
2022-06-28,2.84
2022-06-29,2.83
2022-06-30,2.82
2022-07-01,2.83
2022-07-04,2.84
2022-07-05,2.83
2022-07-06,2.84
2022-07-07,2.84
2022-07-08,2.84
2022-07-11,2.83
2022-07-12,2.81
2022-07-13,2.81
2022-07-14,2.79
2022-07-15,2.79
2022-07-18,2.78
2022-07-19,2.79
2022-07-20,2.77
2022-07-21,2.76
2022-07-22,2.79
2022-07-25,2.78
2022-07-26,2.77
2022-07-27,2.77
2022-07-28,2.79
2022-07-29,2.76
2022-08-01,2.73
2022-08-02,2.73
2022-08-03,2.72
2022-08-04,2.72
2022-08-05,2.73
2022-08-08,2.74
2022-08-09,2.74
2022-08-10,2.74
2022-08-11,2.73
2022-08-12,2.73
2022-08-15,2.66
2022-08-16,2.63
2022-08-17,2.61
2022-08-18,2.58
2022-08-19,2.59
2022-08-22,2.59
2022-08-23,2.61
2022-08-24,2.61
2022-08-25,2.64
2022-08-26,2.64
2022-08-29,2.62
2022-08-30,2.61
2022-08-31,2.62
2022-09-01,2.61
2022-09-02,2.62
2022-09-05,2.62
2022-09-06,2.61
2022-09-07,2.62
2022-09-08,2.63
2022-09-09,2.64
2022-09-13,2.64
2022-09-14,2.66
2022-09-15,2.66
2022-09-16,2.67
2022-09-19,2.68
2022-09-20,2.66
2022-09-21,2.65
2022-09-22,2.65
2022-09-23,2.68
2022-09-26,2.72
2022-09-27,2.71
2022-09-28,2.74
2022-09-29,2.75
2022-09-30,2.76
2022-10-08,2.76
2022-10-09,2.75
2022-10-10,2.74
2022-10-11,2.74
2022-10-12,2.74
2022-10-13,2.73
2022-10-14,2.7
2022-10-17,2.7
2022-10-18,2.7
2022-10-19,2.71
2022-10-20,2.72
2022-10-21,2.73
2022-10-24,2.72
2022-10-25,2.73
2022-10-26,2.7
2022-10-27,2.7
2022-10-28,2.67
2022-10-31,2.64
2022-11-01,2.66
2022-11-02,2.69
2022-11-03,2.68
2022-11-04,2.7
2022-11-07,2.7
2022-11-08,2.69
2022-11-09,2.7
2022-11-10,2.7
2022-11-11,2.74
2022-11-14,2.84
2022-11-15,2.82
2022-11-16,2.83
2022-11-17,2.8
2022-11-18,2.83
2022-11-21,2.82
2022-11-22,2.83
2022-11-23,2.8
2022-11-24,2.8
2022-11-25,2.83
2022-11-28,2.86
2022-11-29,2.88
2022-11-30,2.89
2022-12-01,2.86
2022-12-02,2.87
2022-12-05,2.89
2022-12-06,2.92
2022-12-07,2.87
2022-12-08,2.89
2022-12-09,2.89
2022-12-12,2.89
2022-12-13,2.9
2022-12-14,2.87
2022-12-15,2.88
2022-12-16,2.89
2022-12-19,2.86
2022-12-20,2.87
2022-12-21,2.86
2022-12-22,2.85
2022-12-23,2.83
2022-12-26,2.84
2022-12-27,2.87
2022-12-28,2.85
2022-12-29,2.84
2022-12-30,2.84
2022-12-31,2.84
2023-01-03,2.82
2023-01-04,2.81
2023-01-05,2.83
2023-01-06,2.83
2023-01-09,2.84
2023-01-10,2.86
2023-01-11,2.86
2023-01-12,2.88
2023-01-13,2.9
2023-01-16,2.92
2023-01-17,2.9
2023-01-18,2.92
2023-01-19,2.91
2023-01-20,2.93
2023-01-28,2.93
2023-01-29,2.92
2023-01-30,2.91
2023-01-31,2.9
2023-02-01,2.91
2023-02-02,2.9
2023-02-03,2.89
2023-02-06,2.9
2023-02-07,2.9
2023-02-08,2.9
2023-02-09,2.89
2023-02-10,2.9
2023-02-13,2.89
2023-02-14,2.89
2023-02-15,2.89
2023-02-16,2.89
2023-02-17,2.89
2023-02-20,2.92
2023-02-21,2.92
2023-02-22,2.92
2023-02-23,2.92
2023-02-24,2.91
2023-02-27,2.91
2023-02-28,2.9
2023-03-01,2.9
2023-03-02,2.91
2023-03-03,2.9
2023-03-06,2.88
2023-03-07,2.87
2023-03-08,2.88
2023-03-09,2.88
2023-03-10,2.86
2023-03-13,2.87
2023-03-14,2.87
2023-03-15,2.87
2023-03-16,2.86
2023-03-17,2.86
2023-03-20,2.85
2023-03-21,2.86
2023-03-22,2.86
2023-03-23,2.87
2023-03-24,2.87
2023-03-27,2.86
2023-03-28,2.86
2023-03-29,2.85
2023-03-30,2.86
2023-03-31,2.85
2023-04-03,2.86
2023-04-04,2.86
2023-04-06,2.86
2023-04-07,2.85
2023-04-10,2.85
2023-04-11,2.82
2023-04-12,2.82
2023-04-13,2.83
2023-04-14,2.83
2023-04-17,2.84
2023-04-18,2.83
2023-04-19,2.83
2023-04-20,2.83
2023-04-21,2.83
2023-04-23,2.82
2023-04-24,2.82
2023-04-25,2.82
2023-04-26,2.81
2023-04-27,2.79
2023-04-28,2.78
2023-05-04,2.76
2023-05-05,2.73
2023-05-06,2.73
2023-05-08,2.75
2023-05-09,2.74
2023-05-10,2.72
2023-05-11,2.7
2023-05-12,2.71
2023-05-15,2.72
2023-05-16,2.71
2023-05-17,2.72
2023-05-18,2.72
2023-05-19,2.72
2023-05-22,2.71
2023-05-23,2.7
2023-05-24,2.7
2023-05-25,2.71
2023-05-26,2.72
2023-05-29,2.7
2023-05-30,2.7
2023-05-31,2.69
2023-06-01,2.68
2023-06-02,2.7
2023-06-05,2.69
2023-06-06,2.68
2023-06-07,2.68
2023-06-08,2.68
2023-06-09,2.67
2023-06-12,2.67
2023-06-13,2.62
2023-06-14,2.62
2023-06-15,2.65
2023-06-16,2.66
2023-06-19,2.69
2023-06-20,2.68
2023-06-21,2.67
2023-06-25,2.66
2023-06-26,2.67
2023-06-27,2.67
2023-06-28,2.67
2023-06-29,2.65
2023-06-30,2.64
2023-07-03,2.64
2023-07-04,2.65
2023-07-05,2.64
2023-07-06,2.64
2023-07-07,2.64
2023-07-10,2.64
2023-07-11,2.64
2023-07-12,2.64
2023-07-13,2.64
2023-07-14,2.64
2023-07-17,2.64
2023-07-18,2.62
2023-07-19,2.62
2023-07-20,2.62
2023-07-21,2.61
2023-07-24,2.59
2023-07-25,2.66
2023-07-26,2.64
2023-07-27,2.64
2023-07-28,2.65
2023-07-31,2.66
2023-08-01,2.66
2023-08-02,2.65
2023-08-03,2.64
2023-08-04,2.65
2023-08-07,2.65
2023-08-08,2.65
2023-08-09,2.65
2023-08-10,2.65
2023-08-11,2.64
2023-08-14,2.62
2023-08-15,2.58
2023-08-16,2.56
2023-08-17,2.57
2023-08-18,2.56
2023-08-21,2.54
2023-08-22,2.56
2023-08-23,2.55
2023-08-24,2.55
2023-08-25,2.57
2023-08-28,2.58
2023-08-29,2.57
2023-08-30,2.56
2023-08-31,2.56
2023-09-01,2.59
2023-09-04,2.61
2023-09-05,2.62
2023-09-06,2.64
2023-09-07,2.64
2023-09-08,2.64
2023-09-11,2.63
2023-09-12,2.62
2023-09-13,2.62
2023-09-14,2.61
2023-09-15,2.64
2023-09-18,2.65
2023-09-19,2.66
2023-09-20,2.67
2023-09-21,2.66
2023-09-22,2.68
2023-09-25,2.7
2023-09-26,2.7
2023-09-27,2.69
2023-09-28,2.68
2023-10-07,2.67
2023-10-08,2.66
2023-10-09,2.67
2023-10-10,2.68
2023-10-11,2.7
2023-10-12,2.69
2023-10-13,2.67
2023-10-16,2.68
2023-10-17,2.69
2023-10-18,2.71
2023-10-19,2.72
2023-10-20,2.71
2023-10-23,2.7
2023-10-24,2.72
2023-10-25,2.71
2023-10-26,2.72
2023-10-27,2.71
2023-10-30,2.71
2023-10-31,2.69
2023-11-01,2.69
2023-11-02,2.66
2023-11-03,2.66
2023-11-06,2.66
2023-11-07,2.66
2023-11-08,2.65
2023-11-09,2.65
2023-11-10,2.64
2023-11-13,2.65
2023-11-14,2.66
2023-11-15,2.66
2023-11-16,2.66
2023-11-17,2.65
2023-11-20,2.66
2023-11-21,2.67
2023-11-22,2.68
2023-11-23,2.7
2023-11-24,2.71
2023-11-27,2.71
2023-11-28,2.69
2023-11-29,2.68
2023-11-30,2.67
2023-12-01,2.66
2023-12-04,2.67
2023-12-05,2.67
2023-12-06,2.67
2023-12-07,2.66
2023-12-08,2.66
2023-12-11,2.64
2023-12-12,2.64
2023-12-13,2.62
2023-12-14,2.64
2023-12-15,2.62
2023-12-18,2.61
2023-12-19,2.62
2023-12-20,2.62
2023-12-21,2.59
2023-12-22,2.59
2023-12-25,2.57
2023-12-26,2.58
2023-12-27,2.56
2023-12-28,2.57
2023-12-29,2.56
2023-12-31,2.56
2024-01-02,2.56
2024-01-03,2.55
2024-01-04,2.54
2024-01-05,2.52
2024-01-08,2.51
2024-01-09,2.49
2024-01-10,2.5
2024-01-11,2.5
2024-01-12,2.52
2024-01-15,2.52
2024-01-16,2.53
2024-01-17,2.51
2024-01-18,2.51
2024-01-19,2.5
2024-01-22,2.49
2024-01-23,2.5
2024-01-24,2.5
2024-01-25,2.5
2024-01-26,2.5
2024-01-29,2.49
2024-01-30,2.46
2024-01-31,2.43
2024-02-01,2.44
2024-02-02,2.42
2024-02-04,2.41
2024-02-05,2.4
2024-02-06,2.45
2024-02-07,2.42
2024-02-08,2.44
2024-02-09,2.43
2024-02-18,2.44
2024-02-19,2.43
2024-02-20,2.41
2024-02-21,2.41
2024-02-22,2.4
2024-02-23,2.4
2024-02-26,2.38
2024-02-27,2.38
2024-02-28,2.34
2024-02-29,2.34
2024-03-01,2.37
2024-03-04,2.35
2024-03-05,2.32
2024-03-06,2.27
2024-03-07,2.28
2024-03-08,2.28
2024-03-11,2.31
2024-03-12,2.35
2024-03-13,2.33
2024-03-14,2.34
2024-03-15,2.32
2024-03-18,2.29
2024-03-19,2.28
2024-03-20,2.3
2024-03-21,2.29
2024-03-22,2.31
2024-03-25,2.32
2024-03-26,2.32
2024-03-27,2.29
2024-03-28,2.3
2024-03-29,2.29
2024-04-01,2.31
2024-04-02,2.29
2024-04-03,2.28
2024-04-07,2.29
2024-04-08,2.28
2024-04-09,2.28
2024-04-10,2.3
2024-04-11,2.29
2024-04-12,2.28
2024-04-15,2.28
2024-04-16,2.27
2024-04-17,2.26
2024-04-18,2.25
2024-04-19,2.25
2024-04-22,2.24
2024-04-23,2.23
2024-04-24,2.27
2024-04-25,2.26
2024-04-26,2.31
2024-04-28,2.32
2024-04-29,2.35
2024-04-30,2.3
2024-05-06,2.31
2024-05-07,2.29
2024-05-08,2.3
2024-05-09,2.32
2024-05-10,2.31
2024-05-11,2.34
2024-05-13,2.29
2024-05-14,2.29
2024-05-15,2.3
2024-05-16,2.31
2024-05-17,2.31
2024-05-20,2.31
2024-05-21,2.31
2024-05-22,2.31
2024-05-23,2.31
2024-05-24,2.31
2024-05-27,2.31
2024-05-28,2.3
2024-05-29,2.28
2024-05-30,2.28
2024-05-31,2.29
2024-06-03,2.29
2024-06-04,2.29
2024-06-05,2.28
2024-06-06,2.28
2024-06-07,2.28
2024-06-11,2.28
2024-06-12,2.28
2024-06-13,2.27
2024-06-14,2.26
2024-06-17,2.26
2024-06-18,2.25
2024-06-19,2.24
2024-06-20,2.24
2024-06-21,2.26
2024-06-24,2.25
2024-06-25,2.24
2024-06-26,2.22
2024-06-27,2.21
2024-06-28,2.21
2024-07-01,2.25
2024-07-02,2.24
2024-07-03,2.24
2024-07-04,2.25
2024-07-05,2.28
2024-07-08,2.29
2024-07-09,2.27
2024-07-10,2.27
2024-07-11,2.26
2024-07-12,2.26
2024-07-15,2.25
2024-07-16,2.26
2024-07-17,2.26
2024-07-18,2.27
2024-07-19,2.26
2024-07-22,2.25
2024-07-23,2.23
2024-07-24,2.24
2024-07-25,2.22
2024-07-26,2.19
2024-07-29,2.16
2024-07-30,2.15
2024-07-31,2.15
2024-08-01,2.13
2024-08-02,2.13
2024-08-05,2.14
2024-08-06,2.15
2024-08-07,2.14
2024-08-08,2.18
2024-08-09,2.2
2024-08-12,2.25
2024-08-13,2.23
2024-08-14,2.2
2024-08-15,2.21
2024-08-16,2.2
2024-08-19,2.18
2024-08-20,2.17
2024-08-21,2.17
2024-08-22,2.16
2024-08-23,2.15
2024-08-26,2.16
2024-08-27,2.19
2024-08-28,2.17
2024-08-29,2.17
2024-08-30,2.17
2024-09-02,2.15
2024-09-03,2.14
2024-09-04,2.13
2024-09-05,2.13
2024-09-06,2.14
2024-09-09,2.13
2024-09-10,2.11
2024-09-11,2.1
2024-09-12,2.1
2024-09-13,2.07
2024-09-14,2.04
2024-09-18,2.04
2024-09-19,2.05
2024-09-20,2.04
2024-09-23,2.04
2024-09-24,2.07
2024-09-25,2.04
2024-09-26,2.08
2024-09-27,2.17
2024-09-29,2.25
2024-09-30,2.15
2024-10-08,2.19
2024-10-09,2.18
2024-10-10,2.14
2024-10-11,2.14
2024-10-12,2.14
2024-10-14,2.14
2024-10-15,2.13
2024-10-16,2.13
2024-10-17,2.11
2024-10-18,2.12
2024-10-21,2.12
2024-10-22,2.15
2024-10-23,2.16
2024-10-24,2.17
2024-10-25,2.15
2024-10-28,2.16
2024-10-29,2.16
2024-10-30,2.16
2024-10-31,2.15
2024-11-01,2.14
2024-11-04,2.13
2024-11-05,2.11
2024-11-06,2.12
2024-11-07,2.11
2024-11-08,2.11
2024-11-11,2.09
2024-11-12,2.07
2024-11-13,2.09
2024-11-14,2.08
2024-11-15,2.09
2024-11-18,2.11
2024-11-19,2.09
2024-11-20,2.1
2024-11-21,2.08
2024-11-22,2.08
2024-11-25,2.07
2024-11-26,2.07
2024-11-27,2.06
2024-11-28,2.03
2024-11-29,2.02
2024-12-02,1.98
2024-12-03,1.99
2024-12-04,1.96
2024-12-05,1.95
2024-12-06,1.95
2024-12-09,1.92
2024-12-10,1.85
2024-12-11,1.82
2024-12-12,1.82
2024-12-13,1.78
2024-12-16,1.72
2024-12-17,1.72
2024-12-18,1.76
2024-12-19,1.74
2024-12-20,1.7
2024-12-23,1.7
2024-12-24,1.72
2024-12-25,1.74
2024-12-26,1.71
2024-12-27,1.69
2024-12-30,1.71
2024-12-31,1.68
2025-01-02,1.61
2025-01-03,1.6
2025-01-06,1.6
2025-01-07,1.61
2025-01-08,1.61
2025-01-09,1.64
2025-01-10,1.63
2025-01-13,1.66
2025-01-14,1.64
2025-01-15,1.63
2025-01-16,1.64
2025-01-17,1.66
2025-01-20,1.67
2025-01-21,1.65
2025-01-22,1.66
2025-01-23,1.66
2025-01-24,1.66
2025-01-26,1.65
2025-01-27,1.63
2025-02-05,1.62
2025-02-06,1.6
2025-02-07,1.6
2025-02-08,1.61
2025-02-10,1.63
2025-02-11,1.63
2025-02-12,1.63
2025-02-13,1.63
2025-02-14,1.65
2025-02-17,1.69
2025-02-18,1.7
2025-02-19,1.66
2025-02-20,1.69
2025-02-21,1.72
2025-02-24,1.76
2025-02-25,1.73
2025-02-26,1.73
2025-02-27,1.76
2025-02-28,1.72
2025-03-03,1.7
2025-03-04,1.71
2025-03-05,1.71
2025-03-06,1.75
2025-03-07,1.8
2025-03-10,1.81
2025-03-11,1.89
2025-03-12,1.83
2025-03-13,1.86
2025-03-14,1.83
2025-03-17,1.9
2025-03-18,1.89
2025-03-19,1.87
2025-03-20,1.83
2025-03-21,1.85
2025-03-24,1.84
2025-03-25,1.82
2025-03-26,1.79
2025-03-27,1.81
2025-03-28,1.81
2025-03-31,1.81
2025-04-01,1.81
2025-04-02,1.79
2025-04-03,1.72
2025-04-07,1.63
2025-04-08,1.66
2025-04-09,1.65
2025-04-10,1.64
2025-04-11,1.66
2025-04-14,1.66
2025-04-15,1.66
2025-04-16,1.64
2025-04-17,1.65
2025-04-18,1.65
2025-04-21,1.67
2025-04-22,1.65
2025-04-23,1.66
2025-04-24,1.66
2025-04-25,1.66
2025-04-27,1.66
2025-04-28,1.65
2025-04-29,1.62
2025-04-30,1.62
2025-05-06,1.63
2025-05-07,1.64
2025-05-08,1.63
2025-05-09,1.64
2025-05-12,1.69
2025-05-13,1.67
2025-05-14,1.67
2025-05-15,1.68
2025-05-16,1.68
2025-05-19,1.69
2025-05-20,1.7
2025-05-21,1.71
2025-05-22,1.72
2025-05-23,1.72
2025-05-26,1.72
2025-05-27,1.73
2025-05-28,1.68
2025-05-29,1.69
2025-05-30,1.67
2025-06-03,1.68
2025-06-04,1.67
2025-06-05,1.67
2025-06-06,1.65
2025-06-09,1.66
2025-06-10,1.66
2025-06-11,1.64
2025-06-12,1.65
2025-06-13,1.64
2025-06-16,1.64
2025-06-17,1.64
2025-06-18,1.64
2025-06-19,1.64
2025-06-20,1.64
2025-06-23,1.64
2025-06-24,1.65
2025-06-25,1.65
2025-06-26,1.65
2025-06-27,1.65
2025-06-30,1.65
2025-07-01,1.64
2025-07-02,1.64
2025-07-03,1.64
2025-07-04,1.64
2025-07-07,1.64
2025-07-08,1.64
2025-07-09,1.64
2025-07-10,1.66
2025-07-11,1.67
2025-07-14,1.67
2025-07-15,1.66
2025-07-16,1.66
2025-07-17,1.66
2025-07-18,1.67
2025-07-21,1.68
2025-07-22,1.69
2025-07-23,1.7
2025-07-24,1.74
2025-07-25,1.73
2025-07-28,1.71
2025-07-29,1.75
2025-07-30,1.72
2025-07-31,1.7
2025-08-01,1.71
2025-08-04,1.71
2025-08-05,1.71
2025-08-06,1.7
2025-08-07,1.69
2025-08-08,1.69
2025-08-11,1.72
2025-08-12,1.73
2025-08-13,1.73
2025-08-14,1.73
2025-08-15,1.75
2025-08-18,1.79
2025-08-19,1.77
2025-08-20,1.78
2025-08-21,1.77
2025-08-22,1.78
2025-08-25,1.76
2025-08-26,1.76
2025-08-27,1.8
2025-08-28,1.85
2025-08-29,1.84
2025-09-01,1.83
2025-09-02,1.82
2025-09-03,1.8
2025-09-04,1.81
2025-09-05,1.83
2025-09-08,1.85
2025-09-09,1.86
2025-09-10,1.9
2025-09-11,1.87
2025-09-12,1.87
2025-09-15,1.87
2025-09-16,1.85
2025-09-17,1.83
2025-09-18,1.85
2025-09-19,1.88
2025-09-22,1.86
2025-09-23,1.88
2025-09-24,1.9
2025-09-25,1.88
2025-09-26,1.88
2025-09-28,1.88
2025-09-29,1.89
2025-09-30,1.86
2025-10-09,1.85
2025-10-10,1.85
2025-10-11,1.82
2025-10-13,1.84
2025-10-14,1.84
2025-10-15,1.84
2025-10-16,1.84
2025-10-17,1.82
2025-10-20,1.85
2025-10-21,1.84
2025-10-22,1.83
2025-10-23,1.84
2025-10-24,1.85
2025-10-27,1.84
2025-10-28,1.82
2025-10-29,1.82
2025-10-30,1.81
2025-10-31,1.8
2025-11-03,1.79
2025-11-04,1.8
2025-11-05,1.8
2025-11-06,1.81
2025-11-07,1.81
2025-11-10,1.81
2025-11-11,1.81
2025-11-12,1.81
2025-11-13,1.81
2025-11-14,1.81
2025-11-17,1.81
2025-11-18,1.81
2025-11-19,1.82
2025-11-20,1.81
2025-11-21,1.82
2025-11-24,1.82
2025-11-25,1.83
2025-11-26,1.85
2025-11-27,1.85
2025-11-28,1.84
2025-12-01,1.84
2025-12-02,1.84
2025-12-03,1.85
2025-12-04,1.87
2025-12-05,1.85
2025-12-08,1.85
2025-12-09,1.84
2025-12-10,1.84
2025-12-11,1.84
2025-12-12,1.84
2025-12-15,1.85
2025-12-16,1.85
2025-12-17,1.83
2025-12-18,1.84
2025-12-19,1.83
2025-12-22,1.84
2025-12-23,1.84
2025-12-24,1.84
2025-12-25,1.84
2025-12-26,1.84
2025-12-29,1.86
2025-12-30,1.86
2025-12-31,1.85
2026-01-04,1.84
2026-01-05,1.86
2026-01-06,1.88
2026-01-07,1.9
2026-01-08,1.89
2026-01-09,1.88
2026-01-12,1.86
2026-01-13,1.85
2026-01-14,1.85
2026-01-15,1.85
2026-01-16,1.84
2026-01-19,1.84
2026-01-20,1.83
2026-01-21,1.83
2026-01-22,1.84
2026-01-23,1.83
2026-01-26,1.82
2026-01-27,1.83
2026-01-28,1.82
2026-01-29,1.82
2026-01-30,1.81
2026-02-02,1.82
2026-02-03,1.82
2026-02-04,1.82
2026-02-05,1.82
2026-02-06,1.81
2026-02-09,1.81
2026-02-10,1.81
2026-02-11,1.8
2026-02-12,1.79
2026-02-13,1.79
2026-02-14,1.79
2026-02-24,1.8
2026-02-25,1.82
2026-02-26,1.83
2026-02-27,1.79
2026-02-28,1.78
2026-03-02,1.78
2026-03-03,1.78
2026-03-04,1.78
2026-03-05,1.78
2026-03-06,1.78
2026-03-09,1.81
2026-03-10,1.81
2026-03-11,1.81
2026-03-12,1.81
2026-03-13,1.81
2026-03-16,1.83
2026-03-17,1.83
2026-03-18,1.82
2026-03-19,1.83
2026-03-20,1.83
2026-03-23,1.83
2026-03-24,1.83
2026-03-25,1.82
2026-03-26,1.82
2026-03-27,1.82
2026-03-30,1.81
2026-03-31,1.82
2026-04-01,1.82
2026-04-02,1.82
2026-04-03,1.82
2026-04-07,1.82
2026-04-08,1.81
2026-04-09,1.82
2026-04-10,1.81
2026-04-13,1.79
2026-04-14,1.78
2026-04-15,1.78
2026-04-16,1.78
2026-04-17,1.76
2026-04-20,1.76
2026-04-21,1.75
2026-04-22,1.74
2026-04-23,1.75
2026-04-24,1.76
2026-04-27,1.77
2026-04-28,1.77
2026-04-29,1.74
2026-04-30,1.75
2026-05-06,1.77
2026-05-07,1.76
2026-05-08,1.76
2026-05-09,1.77
2026-05-11,1.76
2026-05-12,1.76
2026-05-13,1.75
2026-05-14,1.76
2026-05-15,1.77
2026-05-18,1.76
2026-05-19,1.73
2026-05-20,1.74
2026-05-21,1.74
2026-05-22,1.75
2026-05-25,1.75
2026-05-26,1.74
2026-05-27,1.72
2026-05-28,1.72
2026-05-29,1.71
2026-06-01,1.7
2026-06-02,1.7
2026-06-03,1.71
2026-06-04,1.71
2026-06-05,1.72
2026-06-08,1.73
2026-06-09,1.74
2026-06-10,1.75
2026-06-11,1.75
2026-06-12,1.74
2026-06-15,1.74
2026-06-16,1.73
2026-06-17,1.73
2026-06-18,1.73
2026-06-22,1.74
2026-06-23,1.74
2026-06-24,1.75
2026-06-25,1.74
2026-06-26,1.73
2026-06-29,1.72
2026-06-30,1.73
2026-07-01,1.74
2026-07-02,1.74
2026-07-03,1.75
2026-07-06,1.74
2026-07-07,1.74
2026-07-08,1.74
2026-07-09,1.74
2026-07-10,1.74
2026-07-13,1.74
2026-07-14,1.74
2026-07-15,1.74
2026-07-16,1.74
2026-07-17,1.74
2026-07-20,1.75
2026-07-21,1.75
2026-07-22,1.73
2026-07-23,1.73
2026-07-24,1.73
2026-07-27,1.73
2026-07-28,1.74
2026-07-29,1.73
2026-07-30,1.72
2026-07-31,1.71
2026-08-03,1.72
2026-08-04,1.71
2026-08-05,1.71
2026-08-06,1.71
2026-08-07,1.71
2026-08-10,1.71
2026-08-11,1.72
2026-08-12,1.71
2026-08-13,1.7
2026-08-14,1.7
2026-08-17,1.69
2026-08-18,1.69
2026-08-19,1.68
2026-08-20,1.68
2026-08-21,1.68
2026-08-24,1.68
2026-08-25,1.68
2026-08-26,1.69
2026-08-27,1.7
2026-08-28,1.69
2026-08-31,1.69
2026-09-01,1.68
2026-09-02,1.69
2026-09-03,1.68
2026-09-04,1.68
2026-09-07,1.68
2026-09-08,1.68
2026-09-09,1.68
2026-09-10,1.68
2026-09-11,1.69
2026-09-14,1.69
2026-09-15,1.69
2026-09-16,1.69
2026-09-17,1.69
